rwest129,Raz,West,0Bb2zMzQAL
umartell232,Urban,Martell,0nYGfSzH52
anascimbeni12,Arun,Nascimbeni,1aRjlUAYpO
mhartmann364,Matthias,Hartmann,2ruNWPmicg
mhollands782,Maja,Hollands,4D8d5NFQey
dlindholm427,Deidre,Lindholm,4RygfhpS1h
sdobbs181,Suzan,Dobbs,5xTn7laQAz
anervi835,Andrea,Nervi,77JVECgA9Y
phult841,Petra,Hult,82rggZxf5c
qharlow811,Quinn,Harlow,8BdlWK9mvn
nhart392,Newton,Hart,8uv1aK9btU
aturati272,Alfred,Turati,9mCMQL1myp
rguttuso845,Roksana,Guttuso,9wHtriXf8s
jho064,Joyce,Ho,A1Kcf8Z1u3
vfiddler300,Viktor,Fiddler,A3mMrNEFsy
rzeegers249,Ryuu,Zeegers,aDQQtN7BnB
cstein161,Christina,Stein,aKtF7xlCj0
phogarth740,Paul,Hogarth,AnRRwDoMFm
smarston647,Silvia,Marston,AyZm6kgtLQ
lbandoni978,Lev,Bandoni,bCSKEQsp82
jkim79,John,Kim,bSZa17FK2l
tjacobs350,Tyrone,Jacobs,cp5asEx6KR
cdirchs226,Claudia,Dirchs,DlK1RDF6DZ
slafleur286,Steven,La Fleur,ECk9NPOnC1
hlinville629,Hebel,Linville,EIBGkZJ8LU
csorge400,Charlize,Sorge,erGZXNCSa8
gmaria244,Gabriel,Maria,EWUS9AaKts
syounge919,Shiro,Younge,F8SGo1rfbJ
earrigucci181,Ellie,Arrigucci,fe20lUruvB
gdanielson911,Gunda,Danielson,ffD2jzc574
sfukui307,Shin,Fukui,FGVfybCruk
cchen902,Cynthia,Chen,fk7USWbA60
egregory740,Eskender,Gregory,g0aGB2MNq6
dankeren437,Deana,Ankeren,hEp6l3yRkB
dhu396,Darrin,Hu,I8k5HwpLlU
bbauer710,Ben,Bauer,iep724zbM3
iknudsen510,Ines,Knudsen,ixYZCGpl5D
echong351,Elaine,Chong,ize3lkeNiR
llange012,Lars,Lange,j3BjhOJA0K
gwray899,Grover,Wray,JEdJCRTwMu
rhepburn830,Rocco,Hepburn,k4hG2bKBi2
alacey372,Arlen,Lacey,Ki437ImMiB
cabate188,Celeste,Abate,kJQAvxlegv
ptivoli928,Paulina,Tivoli,l8Ck5AEii7
ryoon681,Racheal,Yoon,l8fb19WIds
droncalli225,Dawson,Roncalli,LbOIaCTwOR
druf440,Devon,Ruf,lKOmgoDP5M
avespa995,Ama,Vespa,loWO7ep40W
ablakely607,Adara,Blakely,LRH33DL7sR
ncobb173,Nikita,Cobb,MMNPTkNHZg
sbreda659,Shelly,Van Breda,MvygDkC5GZ
hmoon196,Huang,Moon,nlNo3Ifie2
dfrost839,Daria,Frost,OcbMCqoATE
hjoosten544,Hanna,Joosten,OhfDW5FQet
vacconcio363,Valentine,Acconcio,Oojd410rxz
nbystrom666,Nicole,Bystrom,P80TDV5kec
cpeter506,Cortney,Peter,pAA8hhbaAf
aeldridge638,Arnold,Eldridge,piajOfWMIT
rluo968,Rebecca,Luo,PiQvBSPut9
sknutson811,Scott,Knutson,pSE2USVUGe
stolkien163,Samantha,Tolkien,q24FfeogSR
omerx423,Oakley,Merx,Q5zYQSo07T
nherman665,Noelle,Herman,qBhsb9AT1D
apapp539,August,Papp,qjAClhRo8T
dcornell036,Dip,Cornell,QrcaEXMLnx
mdaniell662,Michele,Daniell,qSaWq5Khmt
wcho532,Woo-Jin,Cho,QVsfnLS8nP
pruskin457,Paul,Ruskin,RCkC4TjYNZ
ksong775,Kathleen,Song,Rjuqf7P3nX
nnewton663,Neelam,Newton,rRMSF0EH7d
nkaufman471,Natalia,Kaufman,RtDWbzvtoo
epark561,Elizabeth,Park,RwKSObZt8b
mschuhart942,Matilda,Schuhart,RxNqRHaaoI
ttash050,Thema,Tash,s8jX7v1r9L
amun214,Anand,Mun,SGDgfAoZn8
lalbano202,Luca,Albano,stB2damzF1
rterry598,Rebekka,Terry,Sx6sqg2Av5
lkawakami527,Lin,Kawakami,tmil3gYi8I
nbapat922,Nikhil,Bapat,tmt3aPs20s
hackermann400,Hinata,Ackermann,ujARr06uDs
sayton323,Stephanos,Ayton,UPLEFa48ob
ebeutel057,Elof,Beutel,UuUxEvmxXO
ljoyce110,Lyla,Joyce,UX8dL9oWOH
jjundt663,Julian,Jundt,uZfhzJCf3Q
kfava260,Katherine,Fava,v9ksRoAENe
erodney311,Emma,Rodney,VkA4Ln4RP8
tbencivenni554,Tatenda,Bencivenni,vMCwbZJ5UI
rventimiglia396,Ravinder,Ventimiglia,vrSPzDaBog
slacy795,Stefanie,Lacy,Vv5mvmR93y
ldemetriou598,Louisa,Demetriou,VxX7KCsBEi
mwirth350,Martha,Wirth,w4xX1lvTG7
jji247,Jessica,Ji,WJrWAidLZ5
akirch668,Alfred,Kirch,WUMHFJy3AG
gmorris475,Giuliana,Morris,wUSNkrt2i7
daarle24,Dorris,Aarle,WVztzxaqG1
lleigh151,Leopold,Leigh,WW56HAP2R1
dheimans471,Daniele,Heimans,Xo3aGKAsfE
ageorge577,Antonina,George,xrWlqSyLPV
odanniel58,Orville,Danniel,xshALL98rR
mgartner140,Maria,Gaertner,ybgAEICak2
adevereux918,Annice,Devereux,yVEE6glmyP
epontecorvo916,Eli,Pontecorvo,YXCMIivcy6
cbaldinotti843,Cathleen,Baldinotti,zMdmtuvTDn
scheung682,Shun Yan,Cheung,fC8CoZyN8g
nelsayed380,Nosayba,El-Sayed,JulFHBBgP9